75613fe6-ae25-40b0-9125-c7e80838bac6,Ludvig,Neillans,lneillans0@bloglovin.com,650523198,2024-12-10
b0c2f96a-8b89-499d-b016-1d5892fcd76d,Naomi,Dalmon,ndalmon1@tripod.com,663714474,2024-11-17
8c334925-df87-4906-9afb-021ca7f3be63,Annabal,Leadbitter,aleadbitter2@studiopress.com,602903941,2024-07-20
8ae726b8-f416-4308-816f-3be694d3ac4a,Pierrette,Bostock,pbostock3@marketwatch.com,641370313,2024-10-13
959fd636-00b1-40b1-bb75-fcf8e59ab396,Midge,Urvoy,murvoy4@4shared.com,600195537,2024-05-17
c0eae4dc-e326-403d-9b9b-0a13e2f85225,Eadmund,Carr,ecarr5@hud.gov,609273359,2025-01-19
87c5ba7c-b00a-4cc4-85e6-9395bfd73af8,Fons,Dodswell,fdodswell6@issuu.com,655638554,2024-07-30
fc957dca-0d95-4f93-b20e-a2b899455af5,Aurore,Torbeck,atorbeck7@surveymonkey.com,613130744,2024-12-12
c13eb8af-cf25-4a52-a387-64f4b49214b5,Edmon,Beckley,ebeckley8@hao123.com,600278003,2024-05-08
916ed265-39de-4459-89a7-22a7d228ad32,Hamel,Figg,hfigg9@businesswire.com,609775428,2024-09-16
57ad02a8-303f-42f8-a7a0-e48da2c81222,Forrester,Winslet,fwinsleta@friendfeed.com,668031148,2025-02-06
31470836-84d7-4e46-b59c-2a50fd13cb10,Sutton,Bessell,sbessellb@ox.ac.uk,612441810,2025-01-06
13be0b4a-374c-4625-998e-79d5caebe7b3,Cole,Fermor,cfermorc@indiatimes.com,631980682,2025-01-01
2ece2857-7dda-4341-84a6-32e11e2b7dce,Teddie,Vuittet,tvuittetd@surveymonkey.com,669905738,2025-02-02
122e70e7-2afe-42cd-a00f-a76faf25b5b0,Lindsey,Lilleycrop,llilleycrope@ft.com,689375691,2025-02-10
25631ab1-3a22-4490-9d84-f384b04a7a1c,Cory,Fildes,cfildesf@hp.com,638528440,2025-02-10
ecea8f22-d5dd-4d80-97ae-1baaf4757ccc,Tessie,Plummer,tplummerg@npr.org,647477615,2024-07-18
cbc45cbc-c223-414a-b404-22644642ecb0,Sabina,de Banke,sdebankeh@sohu.com,601658187,2025-02-10
16ade143-bcab-4eb6-81bb-750aa6ee549d,Tiertza,Borland,tborlandi@google.fr,621365176,2025-02-05
87f241ba-7861-488a-bce9-644b1eedc981,Alvie,Olphert,aolphertj@behance.net,629902512,2024-06-21
143f2724-9f9f-4180-80f8-1e177f74f137,Reagen,Beadnell,rbeadnellk@cbslocal.com,697168103,2024-12-11
ee86c572-f727-4d8b-acb2-eda82821b2b1,Flossie,Lapslie,flapsliel@gmpg.org,656369778,2025-01-03
dba51634-9661-47a7-8f4d-65aa9aad171c,Thedrick,Artrick,tartrickm@mlb.com,644110406,2024-11-24
a42155d4-d5a5-41a5-b6ac-475dffef04b8,Creigh,Annell,cannelln@amazon.com,697549815,2025-03-19
47be31e7-b7e1-43df-b1a0-1b98371270c5,Walt,Molson,wmolsono@mashable.com,667329129,2024-12-02
ccb9165d-ed24-4ab3-b29f-632fed9dbeeb,Bethina,Hudleston,bhudlestonp@oaic.gov.au,600410715,2025-01-25
52cf8dc0-457f-4930-89d2-b1f787247c72,Carlotta,Rosel,croselq@washingtonpost.com,666471455,2025-03-16
51dd20d1-7b87-4698-b851-1a8d138313ff,Malachi,Grishankov,mgrishankovr@cdbaby.com,602418468,2024-11-24
a5b3e4cd-c69c-49e6-ac61-5c3a4edb5f07,Enrika,Lain,elains@pen.io,679813245,2024-12-18
0d1ae622-6a18-4bd5-997a-14ac05dd9619,Orin,Gatchell,ogatchellt@fc2.com,633810328,2024-06-12
51d11908-af1d-4aac-bf18-cf0c84146806,Daphene,Sidgwick,dsidgwicku@netscape.com,677410013,2024-12-25
12a51e59-f4b7-490a-a8ec-7b6629cb84c3,Carline,Edgeller,cedgellerv@cpanel.net,656528064,2025-01-28
fddc2200-9b6f-4338-9744-ad92cbfe0de9,Conroy,Boorer,cboorerw@wunderground.com,619283462,2025-01-28
23c121dc-8596-4b26-8cb0-4ae7f30deb41,Rafael,Peagrim,rpeagrimx@merriam-webster.com,667302099,2024-07-13
0a8b63be-8023-4a74-8467-de8130126c18,Christoph,Dollar,cdollary@seattletimes.com,638212263,2025-01-29
3454cf2d-a849-49c9-8d7c-9bee4ee2b44f,Aime,Jiranek,ajiranekz@apache.org,613952437,2024-08-22
37c7e43e-d9d4-4864-ab3a-1736b2f36882,Anissa,Arnaudin,aarnaudin10@oakley.com,641060416,2024-06-09
a76345a5-9acb-40e9-95e3-9a991efaad2e,Rebekkah,Guiet,rguiet11@addtoany.com,603929432,2024-05-09
68a11fd6-7afa-4eab-b703-42a8d96ee645,Wain,Corballis,wcorballis12@usgs.gov,641114030,2024-11-27
28534318-18f9-4a40-b6f3-7619b270644d,Kylie,Drew-Clifton,kdrewclifton13@goo.ne.jp,616225316,2024-09-01
efc8c451-3028-47c3-a846-137cf2881f58,Mirilla,Polding,mpolding14@tuttocitta.it,672596123,2024-10-03
74ccca9d-9ba2-40c2-b81b-cc39a69f8f42,Phillipe,Kopf,pkopf15@latimes.com,610800220,2025-02-21
d53923f8-f1f4-41c3-ad6e-cfe595bfa823,Marijn,Stockwell,mstockwell16@msn.com,668692310,2025-01-28
5480c296-3552-4205-8199-d44ab03722c8,Bartholomeus,Yitzowitz,byitzowitz17@unblog.fr,665269063,2024-10-01
8cb841aa-a4b4-41e2-ac3e-9f4d154ebe44,Ulrikaumeko,Yuryichev,uyuryichev18@indiegogo.com,651357229,2024-05-02
d7bf6d38-ab03-448d-a08b-7dded1f3e5b0,Justis,Crompton,jcrompton19@linkedin.com,607075139,2024-07-10
3eb42df2-0c29-4352-b81f-0742929e0db9,Ripley,Acton,racton1a@patch.com,683919067,2025-02-19
ac266437-baba-4119-b16f-7fedceea5c03,Shepperd,Coulthart,scoulthart1b@xinhuanet.com,651320425,2024-12-14
db61bbf9-0524-4139-a063-2b8a698f939e,Devonna,Gawthrop,dgawthrop1c@seattletimes.com,675496010,2024-12-14
ff6e8075-d72c-4ca9-8790-b481b158be9d,Hartley,Bome,hbome1d@elegantthemes.com,698191465,2024-12-15
83af1a8d-696f-4d17-81e6-48bf42243c60,Marie,Ledford,mledford1e@youku.com,619026363,2025-02-20
a214be52-47a5-403a-8170-db0c85b17aa3,Marven,Porcas,mporcas1f@comcast.net,610738224,2025-03-16
0ffc37be-2383-4d6c-a07b-44c5739ca5c2,Isak,MacLise,imaclise1g@bluehost.com,655588135,2025-03-31
d7539d14-7ed0-4c72-884e-80f1dab1c1d5,Guendolen,Alliband,galliband1h@cam.ac.uk,604885273,2024-05-12
6187fad1-ac1f-4e12-aeb9-4a187cbca0ce,Sadie,Swyn,sswyn1i@google.cn,622864856,2024-11-30
c9c6b122-e255-4add-b81d-0a32bf9f096e,Pierce,Grinnikov,pgrinnikov1j@123-reg.co.uk,617142782,2024-10-31
d0ac7c0c-22b7-4e0c-b7f8-dc983ea5b255,Naoma,Treppas,ntreppas1k@ucla.edu,610272640,2024-10-18
03e33dc3-2c04-4249-8b97-3ac022113b5b,Jaquenetta,Scarth,jscarth1l@illinois.edu,651447679,2024-10-12
61bc0cef-f25c-4d24-9fc0-5b58556fc1c9,Nap,Risebrow,nrisebrow1m@comsenz.com,638020007,2024-12-24
c512cb42-bd9b-4c6e-b71e-40760dba344c,Mattie,Bramont,mbramont1n@bloomberg.com,605463777,2024-11-03
774cebfa-6da3-4f6b-a994-5cebdccd5b64,Freda,Bresson,fbresson1o@dropbox.com,653643952,2024-07-22
b88414bc-86fa-4cdc-9598-cbca14c6fe4a,Avis,Tristram,atristram1p@marketwatch.com,677672854,2024-06-02
18cf172d-6351-4a28-a5db-7d6096357772,Martino,Espadero,mespadero1q@redcross.org,679716540,2024-11-21
ce0c229a-8327-47ab-92b9-1feb3720fe89,Maria,Jewett,mjewett1r@mediafire.com,634662357,2025-02-09
60589bc5-e46b-47bb-ac27-ec4b40bf42f2,Ester,Zoanetti,ezoanetti1s@blogger.com,672861447,2024-05-03
f567b3fe-49af-42c9-91b9-626d25086240,Jabez,D'Andrea,jdandrea1t@hhs.gov,638336501,2024-05-07
07cb2477-c7d8-4375-b385-3ffeaebb956d,Lancelot,Aldhouse,laldhouse1u@bigcartel.com,657521975,2025-02-15
ecb21d74-6b1f-431e-82e5-fb1b136ff10a,Rutter,Dibbert,rdibbert1v@rakuten.co.jp,689081324,2024-11-25
467bb139-d615-4c0a-9d66-b934071652de,Quintina,Bilovus,qbilovus1w@indiatimes.com,654258764,2024-10-30
2886b09a-8735-4ea8-8bf7-677531d8aab7,Anett,McClinton,amcclinton1x@moonfruit.com,668519885,2024-06-26
9c2b0852-19c6-40bb-810b-2df2502bab45,Alyss,Hilhouse,ahilhouse1y@dot.gov,660948030,2024-08-18
e1e85e8e-0334-4f00-9195-fbe86f551947,Cornelle,Evens,cevens1z@squidoo.com,641867530,2025-02-02
55d35988-bf9f-4e04-89b2-61efc6e86922,Kirby,Ipplett,kipplett20@cafepress.com,601189063,2024-11-01
4fe33d4b-4831-4ea6-beef-7507111888dc,Glynda,Overy,govery21@bizjournals.com,618549768,2024-06-01
6c21ae74-67a3-4fe4-94a5-766515fb110c,Lewiss,Mingaye,lmingaye22@mashable.com,647652247,2024-10-20
137db537-af8f-443d-bb2a-3c9132dcdbd3,Pearl,Gibbieson,pgibbieson23@elegantthemes.com,693784363,2024-07-17
f435b46e-1a8d-4ce8-9251-6b8eb3e90945,Rowe,Moscone,rmoscone24@blinklist.com,657756195,2024-08-30
9884ca82-735e-4388-81fa-fb00c918e831,Waneta,Billham,wbillham25@facebook.com,671792512,2024-11-19
fc052b90-bcb0-4a70-9b31-2f11f98f552c,Mickie,Kleuer,mkleuer26@cbc.ca,686868239,2024-09-08
6b70b75a-58a5-46fa-a553-0bef756b14d8,Lura,de Quincey,ldequincey27@cnbc.com,612468160,2025-02-17
23edc6cb-7194-40fa-b83c-4fbbc4dbe03e,Ulberto,O'Keevan,uokeevan28@harvard.edu,603086185,2024-07-23
40157cfb-9220-44b2-aa36-c258d2f176ba,Thomasina,Ollarenshaw,tollarenshaw29@tinyurl.com,688505195,2024-06-13
d901397f-8538-46e0-8add-7d496ef756d9,Glad,Isgate,gisgate2a@redcross.org,650770628,2024-10-19
bbdc8d03-b33e-49a0-af04-5b6feffed664,Brittani,Lerway,blerway2b@umich.edu,648171928,2025-02-12
599863d6-3aaa-4cce-950e-3892d3a938e2,Engracia,Digger,edigger2c@jiathis.com,626927093,2025-01-05
8a676f9a-5455-49d3-91f5-45fde8c77766,Jodie,De Dei,jdedei2d@zdnet.com,673851418,2025-01-17
5390f18a-d533-45ef-8cd7-44e4601c5a0b,Nadya,Strase,nstrase2e@webs.com,654024035,2024-07-17
86920f31-b6ff-4cd2-a6b4-d1ef26c186da,Trumaine,Varvara,tvarvara2f@friendfeed.com,697362740,2025-01-21
b8da80f3-ea7d-40c0-829a-4e58cf3bd1ad,Carmelle,Inger,cinger2g@jugem.jp,675835501,2024-10-13
c2c4badf-24a7-475c-849a-9c9b3b570334,Eydie,Fagence,efagence2h@diigo.com,679228283,2024-10-30
2369ad84-cbc8-4072-ae2a-3ad01ae24ac7,Benn,Boscher,bboscher2i@deliciousdays.com,610268017,2024-05-26
83bc532b-30c4-4c21-ac57-80e4cf8ee0f6,Eadie,Dorsett,edorsett2j@marriott.com,669108854,2024-09-15
338a4401-a3d0-4c0c-84ec-d76c06590151,Billy,Whittall,bwhittall2k@eepurl.com,683774385,2025-01-10
09fe935d-9472-4967-8e62-8bdf3760efab,Keri,Pulman,kpulman2l@cisco.com,671221137,2024-10-24
d5462694-6076-4b91-85c9-4d82a094d2b0,Claudianus,Limon,climon2m@cnbc.com,641223724,2024-12-22
ea7bba55-b3ba-4e9b-8a83-548c5a4bc901,Thomasa,Wanless,twanless2n@amazonaws.com,622413809,2024-06-03
9025b7cd-e2f3-4a99-ae6a-fcab81f4b285,Justus,Davydkov,jdavydkov2o@accuweather.com,666979684,2024-07-08
4b768f30-59e0-46e2-be9f-2143c6997348,Rosalinde,Munford,rmunford2p@wordpress.com,652825910,2025-02-04
f5294090-fbca-41fe-bc07-b8fe0ad57289,Blondy,Giampietro,bgiampietro2q@deliciousdays.com,673320799,2024-07-23
1fc9df52-96c9-4fa9-a49a-b7708cb04646,Dallas,Wyndham,dwyndham2r@nih.gov,699808608,2024-10-07
20fb955a-262a-4740-9f3d-7d6c7796986e,Cherin,Shalloe,cshalloe2s@people.com.cn,639915833,2024-09-03
93d88f52-ade7-4766-a867-b0ca942c1d79,Casey,Braferton,cbraferton2t@paypal.com,696381768,2024-05-29
58ab8fc7-754e-4015-b1a6-ca2bdb5068e0,Bernardine,Cozzi,bcozzi2u@samsung.com,621662290,2025-03-30
c6f80445-9587-4ed5-afbf-cebdbb267dde,Engracia,Yoskowitz,eyoskowitz2v@addthis.com,608886831,2024-08-30
4b1b2994-0e46-4112-ba41-501284e34252,Arlyn,Andreasson,aandreasson2w@blogger.com,632845040,2025-03-10
8013e637-865a-407c-a0d5-5337bfaeb027,Kala,Schwander,kschwander2x@people.com.cn,613763204,2024-07-22
a93311fc-89fb-47bb-8c49-40d0b4d43116,Daryn,Soame,dsoame2y@123-reg.co.uk,633263450,2025-02-21
3756f072-2835-4f98-8eab-3ee5e48439a2,Reeta,Clymo,rclymo2z@yandex.ru,636473869,2024-12-01
cc949079-c21e-4105-a16b-8f17575c5bae,Daryl,Purrier,dpurrier30@admin.ch,626284712,2024-05-09
0956afe2-5e04-4aac-89f7-bed6378c48e2,Marabel,Bailes,mbailes31@e-recht24.de,682019563,2025-03-16
0bb5942c-3b63-4bf6-b8c1-dc7e5cdb68d3,Jolie,Duggon,jduggon32@lulu.com,689936570,2025-03-29
0e006487-fd48-4305-8513-c7f610bc1359,Cori,Liepins,cliepins33@prnewswire.com,643832827,2024-12-09
1bd97a9c-c155-4fb5-a220-72c8d45ca8bf,Tedie,Maciaszczyk,tmaciaszczyk34@yale.edu,675434637,2024-08-23
8ad4b94f-fd3a-49f8-b6a1-9d916000fcc6,Lucina,Milbourn,lmilbourn35@hao123.com,640661093,2025-01-12
c5d0c0f7-d4d9-4feb-93ab-6c4694c7b063,Wadsworth,Goldsberry,wgoldsberry36@house.gov,662888958,2024-07-19
2cddfacb-a2b4-4c39-9730-5ec046a3c286,Conway,Strodder,cstrodder37@furl.net,691581171,2025-02-21
a291b0ff-ff56-4ed8-ac0e-facbac5adf7a,Ludwig,Gethouse,lgethouse38@theglobeandmail.com,633923890,2025-03-10
1795d81c-8468-4a28-b946-cb0d49cfe77d,Pearla,Lehrmann,plehrmann39@nba.com,676410701,2024-06-03
b76a0a0e-b77e-4cfe-9c67-117f9f1840f5,Antonino,Staniland,astaniland3a@gov.uk,653166036,2024-10-02
252c7542-a3d5-407f-90a7-6302945a1217,Nil,Routhorn,nrouthorn3b@arizona.edu,682792705,2024-09-08
7bda8233-34b7-4eea-b28a-783ccbb4f213,Wake,Winward,wwinward3c@pbs.org,694663880,2024-08-17
29231036-6750-4310-9716-6e606f6dcb8f,Wallache,Feathers,wfeathers3d@ihg.com,679103602,2024-09-02
91c5cc1d-9abd-4fa0-a202-320c8fd48fe7,Aleta,Ivanshintsev,aivanshintsev3e@nsw.gov.au,691045010,2024-06-16
76896c93-87a4-47f8-a3f2-e595a70580ac,Juliette,Kezourec,jkezourec3f@wisc.edu,604965569,2024-11-11
13b138b2-f818-40c3-98bf-642b7a61dba8,Alice,McShee,amcshee3g@is.gd,600910758,2024-05-02
a2543586-f7fb-4bc4-affc-763d3c20196b,Emelen,Stirrip,estirrip3h@smugmug.com,648280584,2024-07-30
588148a3-ccd5-4d65-a4bf-8a30d65bfb0d,Freeman,Meeron,fmeeron3i@shinystat.com,672013193,2024-06-19
730cc8c6-2d30-464a-a85b-5be4d3e51c33,Ulla,Cottell,ucottell3j@altervista.org,684455253,2024-05-23
b8f3d828-014b-4803-83f3-5dd128408393,Wiley,Molden,wmolden3k@marketwatch.com,605422812,2024-06-15
a5aee908-7251-458a-bb89-1b387472e5b6,Morgana,Cobello,mcobello3l@sciencedirect.com,627938320,2025-01-05
0a2dacbd-1ebb-4bcf-8057-0210dd3d78ec,Mackenzie,MacArdle,mmacardle3m@upenn.edu,680965161,2024-10-09
53df39c3-ae90-4431-813e-701b4c9caae3,Bone,Leythley,bleythley3n@usgs.gov,662889213,2024-08-29
ec1f3479-a78a-41ef-8cf4-4b08f7a44ae5,Wilow,Wynes,wwynes3o@qq.com,628521954,2025-01-20
8b0e0c02-b751-4c84-9baa-837510137358,Madelon,Ancliff,mancliff3p@ucla.edu,686219317,2025-02-23
f6aa6045-7b31-4bd5-aaef-34853054bb1b,Zenia,Krystof,zkrystof3q@sitemeter.com,603100765,2024-07-07
b1f3e739-86c7-4852-a288-e185112bb01e,Franny,Grinham,fgrinham3r@ihg.com,629347827,2024-09-18
34bd8726-0ebd-460b-8a86-da1d946cb2eb,Novelia,Sherrott,nsherrott3s@qq.com,628058850,2024-09-13
b2f0dabf-f1b8-474b-a8bb-3a6d1024634e,Garfield,Jedraszczyk,gjedraszczyk3t@yellowpages.com,660469109,2025-02-11
bd8e9b32-bdc3-4ae1-8c90-bc14140965d5,Mathew,Greatreax,mgreatreax3u@admin.ch,639263287,2024-06-12
b8b17737-ad9a-410c-8e67-34306fdf8fcc,Rona,Alcalde,ralcalde3v@cdc.gov,604538706,2025-02-13
f4ec25fe-96bc-4c27-8478-c69356884470,Sascha,Altofts,saltofts3w@nifty.com,686095915,2025-01-02
3de9ffd6-a510-45dd-9561-8ba42a3383fb,Madelyn,Shoreson,mshoreson3x@state.tx.us,666789836,2024-11-09
a9232fac-5a86-497d-8918-a4c1d258def5,Vittoria,Kuhnt,vkuhnt3y@odnoklassniki.ru,602206858,2024-05-17
77dd060c-a521-4fd9-9628-cf22006fb14f,Mavis,Radoux,mradoux3z@scribd.com,685367689,2025-01-12
f2c2f5c9-3e15-43f5-aff8-298beb5cfb79,Kareem,Parsall,kparsall40@google.de,677280035,2024-12-03
13d0bf6f-5d87-41da-87d3-71fcfe1aa74a,Karleen,Overington,koverington41@sourceforge.net,646026080,2024-09-21
8279a150-8d4a-4b80-9fdd-4cd23a706221,Ximenes,Bouldon,xbouldon42@apache.org,605862549,2024-09-27
bc683e0a-9806-4443-86e1-21b7050f7f78,Fredericka,MacCaig,fmaccaig43@usatoday.com,698834312,2025-01-03
0913b54d-9d44-4096-b0d7-aa06fe1f91c3,Dalis,Lobe,dlobe44@pinterest.com,638278647,2024-07-03
524809fa-56e1-4b02-8061-96b838424535,Katlin,Van der Beek,kvanderbeek45@com.com,602472206,2025-02-27
d821d9ab-5ce7-4135-891f-3b4d6875193a,Zelda,Petrello,zpetrello46@domainmarket.com,640536134,2025-02-02
d33f52a6-811a-486c-a2a4-8e0d5495d470,Cassandre,Bowdrey,cbowdrey47@devhub.com,639394483,2024-07-21
aa4b0047-dbd8-4f1c-8d29-1fe347b358a2,Annemarie,Branton,abranton48@free.fr,641198226,2024-10-17
6e488865-2569-40d5-9a00-770d3ca19da2,Romonda,Chinnick,rchinnick49@issuu.com,666336953,2024-06-16
2bdc7459-fe92-4d6a-bad5-bd776a055b7e,Earlie,Lebourn,elebourn4a@blogger.com,624666273,2024-07-27
c71ce423-adc5-4428-8ee6-ed2cb0c26bb9,Emerson,Fetherstonhaugh,efetherstonhaugh4b@mac.com,650430482,2024-09-20
548320f6-1c02-4233-9b49-42b213fcb0e2,Charis,Astall,castall4c@topsy.com,675034952,2025-01-10
7f7cb30f-df35-48d7-8373-a106d661ad39,Horatia,Hammett,hhammett4d@creativecommons.org,626080494,2024-07-31
a35709fc-deaf-4c1c-8a7b-191a221ac69b,Patrizia,Norgate,pnorgate4e@is.gd,678936029,2024-08-13
900d36cc-6bb7-40d2-9aa6-8903a955a2d1,Kippy,Astbery,kastbery4f@quantcast.com,669590828,2024-09-10
ed338f37-e936-4300-8c2c-af62f788a87e,Aeriela,Haskur,ahaskur4g@blinklist.com,662275853,2024-09-25
eba1a878-0364-413e-ae28-515cd1131404,Gregoor,Baggott,gbaggott4h@technorati.com,686756929,2025-03-14
b5ce637b-fa92-44ec-8757-0142540a65b0,Lilith,Shuker,lshuker4i@ftc.gov,635987476,2024-07-25
e03e81b9-e899-4bd2-8cc1-18f37dc73fca,Larine,Pedrozzi,lpedrozzi4j@cpanel.net,650028046,2024-10-09
bc056bb0-2b73-4292-92af-ba848a97fac2,Nessi,Broschke,nbroschke4k@who.int,635731999,2024-10-02
3db22944-67ef-493b-af63-219cde0fa49f,Gerianna,Hellmore,ghellmore4l@webs.com,649481312,2025-01-06
6ce7458b-12d8-4d0c-90c6-d00da673e778,Farlay,Springford,fspringford4m@nyu.edu,672310341,2024-09-03
c04599f6-7576-4c27-9494-44d895035881,Lane,Batchelar,lbatchelar4n@deliciousdays.com,606367826,2024-08-03
25ce6123-5e67-4ce6-91f3-3651874ff8a8,Gilberto,Wellum,gwellum4o@bloomberg.com,684615115,2024-10-14
3501c714-2344-48da-85e4-2c7dc6b81ebc,Abner,Selkirk,aselkirk4p@google.co.uk,619754926,2024-06-28
5948126d-3bac-4f0e-8a23-5953ca4ee1c2,Stephanus,Dibbs,sdibbs4q@nbcnews.com,645338598,2024-05-13
6c6d2e0b-59a9-4503-911b-a551cc4ae61d,Osborn,Leverton,oleverton4r@simplemachines.org,659472855,2024-10-01
67085edf-132d-4318-bc71-895006ef2477,Tori,Leacy,tleacy4s@xrea.com,672589874,2024-08-03
e605bf90-6ebb-43c2-a528-083043697aa3,Sibel,Simpkiss,ssimpkiss4t@fastcompany.com,637627951,2024-09-01
2b57dc2d-3985-46cf-80e2-3eced508872d,Janaya,Sanbroke,jsanbroke4u@dagondesign.com,677821526,2025-01-11
94fb752e-60f7-413d-9b35-2a7d88d11ec6,Vyky,Mottinelli,vmottinelli4v@toplist.cz,647755514,2024-08-09
c0c92d58-98a6-4ae4-8241-c8005c8fc22a,Giulio,Aiskrigg,gaiskrigg4w@dion.ne.jp,693790890,2024-07-02
9c5528a4-5be6-4568-ae65-cb381bbc538d,Meris,Pailin,mpailin4x@ed.gov,638228726,2025-01-02
6d203e4c-fbb6-4da3-b8c6-69e975709c82,Granny,Carrodus,gcarrodus4y@google.nl,699552626,2024-08-21
bf5bc668-de3b-4ad2-ad32-e7446143774c,King,Thorwarth,kthorwarth4z@naver.com,634753309,2024-06-10
989731a9-a3ee-4b91-b8a8-79e43ab4de56,Lindsy,Wanless,lwanless50@amazon.co.jp,698961875,2024-11-27
605392ba-aacc-475d-96f4-cb1e75697d84,Earvin,Dufour,edufour51@tinyurl.com,675817268,2024-06-10
722d023a-787a-4b97-8a62-20888bef406d,Ileane,Rivaland,irivaland52@cpanel.net,680299036,2025-02-27
20b6985e-d378-4184-a387-a1056afdb024,Maudie,Bracchi,mbracchi53@indiegogo.com,624634230,2024-11-12
54183f24-ac5e-4349-8b2d-4c77b22eb351,Wayland,Cregin,wcregin54@dot.gov,695743401,2025-02-03
d4b7800a-e548-4576-9f19-b89d9f06fd07,Lonni,Skeel,lskeel55@cyberchimps.com,641444530,2024-05-14
fa980f8d-4998-48bf-bb3c-9eceef6d56bd,Marchelle,Gladhill,mgladhill56@nasa.gov,678741210,2024-07-06
d1a63670-59ea-45e7-a4c6-e03692dac86c,Hattie,Garrique,hgarrique57@whitehouse.gov,640856235,2024-12-19
0f4758f7-6075-43ae-a93e-e894af1c3f7d,Sandra,Kretschmer,skretschmer58@ustream.tv,663882358,2025-01-19
8f97b4e6-6bff-4f8e-84ef-de2432a587f2,Dav,Gauche,dgauche59@123-reg.co.uk,620979918,2024-12-11
63fe20a7-7786-40c3-8654-76b75a90c084,Vivia,Leacy,vleacy5a@chron.com,614271635,2024-10-03
ecc5121f-e2bc-466e-af98-8b6b87d8b3c5,Batsheva,Frotton,bfrotton5b@columbia.edu,643859329,2025-02-23
f8b92bec-c6e8-4b69-aaad-2defa5b1c42e,Rubina,Cormack,rcormack5c@sitemeter.com,685225606,2024-09-28
4d82f503-4f22-406c-b22d-ca14dcd1ff3f,Leda,Loyndon,lloyndon5d@merriam-webster.com,655265451,2024-05-13
d257b373-6c82-46e9-98b9-3783c5151d0a,Faustine,Littledyke,flittledyke5e@odnoklassniki.ru,698306092,2024-11-01
beec3929-2704-42be-8a7a-f93ebeb835c2,George,Fothergill,gfothergill5f@foxnews.com,674543136,2025-01-02
b70aa0e2-b1a0-4830-ae06-1e20e9349ffa,Joellyn,Tonner,jtonner5g@rediff.com,617133725,2024-06-10
1900b644-e940-4b3f-b743-f65105de5281,Betty,Goring,bgoring5h@biglobe.ne.jp,695672638,2024-05-16
c25fe5fb-c123-48b5-8f99-2eeb3688dd81,Tucky,Barroux,tbarroux5i@apple.com,653939091,2024-05-23
5741c4af-e7dd-46d2-81a0-fe8ef9ee567a,Vikky,Francie,vfrancie5j@is.gd,653722087,2025-01-01
d04d4634-5bf3-4f1b-ae13-adefe30471a9,Ax,Masterton,amasterton5k@hao123.com,648672276,2024-07-26
77c19484-9398-4ed9-aa28-3d4ab829ee60,Anderson,Hulland,ahulland5l@wikipedia.org,618964246,2024-05-13
ab441208-de4b-4415-8dbc-a20dd9fc1563,Vonny,Veel,vveel5m@qq.com,604713412,2024-11-12
c48c817e-8482-4fc1-b9f0-3d9955cbab2b,Bond,Otto,botto5n@rakuten.co.jp,689675599,2024-08-12
7f20864e-136e-4d63-ba7e-1791a73f3247,Joey,Topping,jtopping5o@yahoo.co.jp,619897899,2024-12-04
894eece6-39c4-43a1-a74b-85a3c586f80e,Ethe,Barth,ebarth5p@google.co.uk,656423834,2024-07-05
eb17fac4-1bd1-4b1a-87b4-ed8941ad1ff2,Dougy,Garrettson,dgarrettson5q@webmd.com,633941272,2025-03-26
79bedfcb-7e6b-4e42-ba60-83b3aeee5353,Margalo,Sibly,msibly5r@ow.ly,660657180,2025-01-23
813ab1e1-0966-432f-9487-6828fcfc1fc2,Sissy,Parsand,sparsand5s@slideshare.net,615713242,2024-08-10
e8d6e256-24fe-445a-807b-24482631dddc,Di,Ruoss,druoss5t@behance.net,682632023,2024-08-17
157de74d-8520-40b9-9dba-832d35503477,Odelinda,Biddulph,obiddulph5u@ezinearticles.com,643240417,2024-07-01
5acde652-9f95-468a-8803-3f1728feff3e,Linet,Longbottom,llongbottom5v@mediafire.com,619006898,2024-07-29
b705e01e-a904-4b20-bfe5-a7b5251600d9,Dara,Grzelak,dgrzelak5w@theglobeandmail.com,656066741,2024-11-28
40f18a28-4e6d-49f2-a24f-a83a54379519,Marrissa,Ridgewell,mridgewell5x@omniture.com,601733034,2025-02-25
c5b53c03-0152-4441-a0c3-17744534cceb,Frans,Dunderdale,fdunderdale5y@live.com,645019095,2024-08-03
706a0a74-bfe1-4417-ad4a-123eed9405c2,Meir,Crosoer,mcrosoer5z@amazon.co.uk,611920003,2024-11-28
36455d7d-785c-4804-98ee-9d9e90e3cc99,Carlin,Ciobotaro,cciobotaro60@wix.com,637619656,2024-06-24
c10551ad-0902-49fa-ac83-998542d727ab,Elliott,Stennine,estennine61@mac.com,637543443,2025-03-09
76a323c2-8443-4b53-84e2-3c93d18e6201,Demetra,Gleasane,dgleasane62@upenn.edu,612413413,2025-01-18
0e8c32cf-1ebb-4cd7-896b-5031a608f12d,Enid,Holson,eholson63@auda.org.au,600866523,2024-09-18
2a7c8057-55c2-48fd-b24e-c2aa097d4a3c,Parrnell,Adney,padney64@biblegateway.com,698641976,2025-01-07
51519248-3aa2-45d1-b673-749364735e04,Rowena,Vescovo,rvescovo65@smugmug.com,638440524,2025-02-08
6223997c-30d9-4c64-af00-29e2f56b141f,Der,Malyon,dmalyon66@tmall.com,634583062,2024-12-04
33d131d6-e1de-40fa-be59-fb10fd5de4a6,Aubry,Tiffin,atiffin67@e-recht24.de,638609346,2025-02-07
5e6c1d33-8917-4aba-840d-ea6b815c994a,Randie,Smylie,rsmylie68@zimbio.com,610129853,2024-08-10
e8fea908-365b-4286-aa89-fe85a263c6fd,Udell,Torr,utorr69@ca.gov,614886467,2024-07-13
20a4fb27-4b45-41b9-8e2a-e33711e94d38,Sylvan,Humpherston,shumpherston6a@skyrock.com,637821180,2025-03-25
5f5bf154-2b78-4760-a975-1f4d598e3e46,Fifine,Toop,ftoop6b@163.com,695581491,2024-12-28
3365660c-fffb-49b4-b328-f9350083fcbc,Sherwood,Naldrett,snaldrett6c@hud.gov,650876972,2024-08-07
63f39933-f8b1-46ce-b0c1-78f5d3b2aac5,Allard,Cuberley,acuberley6d@so-net.ne.jp,602221002,2025-02-23
48b8f54c-8cc2-4e64-9125-5bab209fa53f,Iseabal,Garthland,igarthland6e@weather.com,614761290,2025-01-06
8dfea006-e4a8-49dc-ac82-a7c7a4e4802c,Lissa,Belk,lbelk6f@cnbc.com,606592865,2024-09-22
c5366417-0864-4420-a8e8-dcb34a5ae4b2,Camille,Topham,ctopham6g@mozilla.com,650448645,2025-01-23
ce5005f8-0962-407f-a8d0-b4ecd71c4e21,Mildrid,Smylie,msmylie6h@virginia.edu,695838835,2024-07-17
05e82fe6-3fc4-4de4-9ada-713de7f60fc8,Hernando,Alsina,halsina6i@macromedia.com,682229215,2024-10-31
3b288926-b931-4678-89de-c79c5266d011,Catrina,Gane,cgane6j@marketwatch.com,629830007,2024-06-12
10b498d5-cf0e-498f-94aa-e226923a8fce,Zared,Pleat,zpleat6k@desdev.cn,661831624,2024-06-06
a0eaea03-3f86-4835-a792-083d31960290,Tris,Belbin,tbelbin6l@tinyurl.com,641324564,2025-02-15
ef3ee2a4-79cc-4890-b912-978100a1bc25,Tobe,Twiddell,ttwiddell6m@xing.com,673504720,2024-09-03
f37be4bc-6359-4cdf-b3c1-a73e185256dc,Max,Strangeways,mstrangeways6n@cargocollective.com,612636698,2024-12-21
14f49a2b-efe6-4a83-9c6c-a8507489adfc,Donnie,Lytlle,dlytlle6o@eventbrite.com,649976990,2024-06-17
3b27400e-4c93-4ccb-99af-b0b806984554,Yard,Black,yblack6p@patch.com,617862690,2024-06-17
ab39df7c-e792-4522-931a-441406afb932,Bonnie,Vasyunin,bvasyunin6q@paypal.com,637938111,2024-09-15
b46295c2-deb3-4487-874f-6d98d0249570,Goldy,Lambie,glambie6r@ucla.edu,628287912,2024-12-28
f3c17187-29cc-4f97-9c84-64e312eec4bf,Lock,Dechelette,ldechelette6s@netvibes.com,699324040,2025-02-07
14748c26-3701-4796-afa9-1aee47c1a3a9,Baxy,Cosyns,bcosyns6t@epa.gov,629505773,2025-03-23
177157af-4dbb-486b-bf66-0142e5d04a41,Dallas,Tudbald,dtudbald6u@sciencedirect.com,609865144,2025-01-27
c5cbc1ed-9cf2-4d46-bda5-599ca99f29ab,Ilysa,Desforges,idesforges6v@apple.com,625703341,2024-07-15
e82cfb8d-08ea-459e-bb9b-ab1dbf62b354,Skip,Osban,sosban6w@sphinn.com,648509373,2025-03-07
15f1061a-b98a-4480-bac8-57a49c0800b2,Sharon,Gladwin,sgladwin6x@51.la,606968473,2024-08-27
6a9ec76c-c476-45a5-86cd-0cbcc5a791b8,Berkeley,Stewartson,bstewartson6y@i2i.jp,606878484,2025-02-27
d7f6f9d1-f463-4926-a6cc-c1dfcc4a1cee,Aprilette,Collyer,acollyer6z@google.pl,628529453,2024-06-04
0e1082b5-02c8-4fcf-8f69-53059b0ea91f,Shelba,Dyett,sdyett70@hugedomains.com,611642280,2025-03-27
14763937-3e9a-4037-8fb3-7ffeedad10eb,Iona,Hartrick,ihartrick71@shareasale.com,653251595,2024-11-19
804f85f8-b034-4db1-9c8f-09c79f2404bc,Oberon,Giorgi,ogiorgi72@nature.com,641592143,2024-08-17
0c2e2efa-b51c-4a59-9c07-fc35d635c8e5,Clemmie,Balleine,cballeine73@nhs.uk,620959455,2024-07-16
3e0bcff1-1819-48aa-a682-3b0255a85413,Cameron,Nibley,cnibley74@msu.edu,669339841,2024-10-18
d57784c6-b5db-4ad0-b746-57da1ae59deb,Zerk,Stuchbury,zstuchbury75@i2i.jp,618511200,2024-11-06
af41aed4-35de-48f4-999d-39b822290028,Petronia,Casbolt,pcasbolt76@infoseek.co.jp,694277149,2024-11-06
900fc898-64b0-4292-bc35-627ab64cca18,Orv,Ambrose,oambrose77@adobe.com,696403731,2024-08-12
d531269b-8272-4994-acc1-041d5f2eac12,Bernie,Eddowis,beddowis78@opera.com,632636319,2024-06-15
4ed08365-849b-4c26-8173-d40b782ffea6,Chelsae,Hankey,chankey79@ft.com,630779033,2024-11-23
e8b34ab5-b3f6-4f2d-8dc6-ad310491c684,Kain,Bollands,kbollands7a@mac.com,602277026,2025-02-12
3aec8d75-1cc9-4be9-825f-3dbf5c1c73bc,Philippine,Gorthy,pgorthy7b@arstechnica.com,605069744,2024-08-19
fbc3c7ec-6317-4b9e-b6e8-c35fe54c2f34,Barney,Spur,bspur7c@google.co.uk,643794208,2025-03-23
15bafbb4-a22b-4d43-80a3-934ff665a7f1,Warden,Sandom,wsandom7d@hubpages.com,699602293,2024-05-17
ad7463c6-9425-444e-b6b2-9ca655caf08d,Simone,Horder,shorder7e@whitehouse.gov,675952907,2025-03-18
7eaa9e8c-c0b2-4e5f-a10d-e15525287653,Gav,Lindenbaum,glindenbaum7f@example.com,680377725,2024-06-20
598cab61-46cb-4f25-99b8-467de4c031cd,Starr,Gascoyne,sgascoyne7g@posterous.com,676540904,2025-01-21
b387edc4-5d13-4457-9a0b-776fdb1190d0,Alf,Keher,akeher7h@cnbc.com,625582279,2024-10-01
27e52229-33b8-423a-8bdf-d859dece33d6,Sileas,Kinny,skinny7i@google.es,685645150,2025-02-22
daf51f6c-f61d-4131-aa39-aa10445044a5,Toby,Southcott,tsouthcott7j@etsy.com,636319008,2025-02-06
32f81000-a961-4ae7-855a-11606c538306,Klement,Worwood,kworwood7k@tripod.com,621925623,2025-03-04
587eca52-a118-44b3-bf1e-68682c6add72,Vincent,Welton,vwelton7l@fc2.com,618611149,2024-07-13
421cca81-78ed-4260-8125-943fa07f805e,Kirbee,Pullman,kpullman7m@fda.gov,650086326,2025-01-20
d5e5b10a-3ca8-4788-bc87-60e325da7a8a,Chilton,Skepper,cskepper7n@thetimes.co.uk,653517526,2024-06-19
ac2cf356-c00e-457c-a874-10bc1e00a14e,Mort,Plett,mplett7o@xing.com,695526058,2024-05-09
a3a5c2f7-67f7-4827-bd44-6be20af704a6,Renato,Bolstridge,rbolstridge7p@clickbank.net,610793071,2024-06-25
aa37f8d7-34b2-4643-a266-c554811e5b82,Florence,Dymocke,fdymocke7q@fastcompany.com,621556655,2024-06-15
7ea675d0-6241-455f-849a-a1bcbf23b534,Darby,Nannizzi,dnannizzi7r@hc360.com,683163698,2024-09-05
df23b420-d885-40cc-a57c-17e656d20917,Way,Gorvette,wgorvette7s@google.it,666426711,2024-07-16
6f21ecc6-0030-47ab-b3cf-47a75c6c3e22,Johan,Maass,jmaass7t@wunderground.com,619055519,2024-07-13
0e97ee77-334d-431d-975c-64773883e210,Janet,Brunelleschi,jbrunelleschi7u@wordpress.com,655572805,2025-03-18
c09e8661-0d14-4959-a6fd-3c27137cf3ba,Margo,McGannon,mmcgannon7v@rambler.ru,634064398,2024-05-07
a1747fa0-a27b-45d3-a472-c6d5c161e45d,Laurianne,Gatman,lgatman7w@howstuffworks.com,603216763,2024-09-23
8e65cf9f-825f-411e-bfa4-1d3a62c5a568,Lavena,Woollends,lwoollends7x@pbs.org,631032906,2024-08-05
1642051e-d6d0-4251-b12b-bc3582554850,Erny,Pawsey,epawsey7y@seesaa.net,694082467,2024-05-18
3b791a9a-fec7-4618-9959-5b1baee4248e,Oates,Wigglesworth,owigglesworth7z@google.fr,649963669,2025-03-16
ba6112ac-bf50-4412-8c4a-415b234d67f9,Alf,Fairley,afairley80@tripadvisor.com,615678212,2025-03-15
51ab6fcf-e079-4509-ba09-22107a78ded6,Erie,Linden,elinden81@senate.gov,629401319,2024-09-17
6be353b5-050b-43b9-a7ba-5bcdb3130b34,Hale,Telfer,htelfer82@intel.com,647422131,2024-11-30
69e4bc90-3134-485e-8098-5c66e5391f5c,Garrard,Martin,gmartin83@boston.com,689213953,2024-06-05
6f73a337-5dcc-4729-ad1a-2ecb0f644394,Ramon,Winfred,rwinfred84@issuu.com,610635699,2024-05-03
39c35626-0eb7-4e33-b5f5-bc9b965ff8d9,Gaile,Hawkyens,ghawkyens85@utexas.edu,680231560,2025-01-01
8f25357c-576b-4ff0-9b84-a18948b0bc80,Cecilla,Lindemann,clindemann86@naver.com,622356259,2024-12-05
5b9c4846-4595-47fd-9f9d-910fb0c8c6cc,Yolanda,Crumbleholme,ycrumbleholme87@myspace.com,656973211,2025-01-02
2ce2006d-2db9-4b66-9c98-8172d8918282,Tuck,Bissatt,tbissatt88@sun.com,659241204,2024-09-26
ab14912a-a617-416a-990b-d201e58019d9,Estrellita,Ledekker,eledekker89@mit.edu,610959596,2024-06-28
8ac479f1-c220-4891-90c0-ba64251d0d32,Elspeth,Kagan,ekagan8a@squidoo.com,676383004,2024-09-06
3177211a-33ef-403d-9c5a-62f7373f4947,Trev,Coxhead,tcoxhead8b@arizona.edu,686086785,2024-11-24
d75447e2-417a-4ee1-baed-2f73a61cda03,Pascal,Stratley,pstratley8c@statcounter.com,639480513,2025-03-16
253567cd-cb7b-442f-ace2-856400a851d2,Joelie,Alwood,jalwood8d@spotify.com,632083403,2025-01-18
bb83000e-b1bd-45cc-bbf0-54c451f7e090,Rickie,Yosselevitch,ryosselevitch8e@businesswire.com,628777827,2025-03-07
d17fe1f3-5ae0-4baf-a92f-4114916beee5,Ric,Pietzker,rpietzker8f@bravesites.com,687354784,2024-05-30
9e156f8b-0a04-475c-aaf3-d3acffd754e3,Fraze,Smurfit,fsmurfit8g@psu.edu,629912596,2024-06-19
f664395a-aceb-46dd-a3e5-fa12ad291b65,Cordie,Hayto,chayto8h@businesswire.com,619170604,2024-05-30
38d9e027-fdeb-4fb7-a773-b3ccd979d928,Pris,Ludford,pludford8i@japanpost.jp,625804008,2024-05-22
a97d2347-5333-4c10-8fe1-4a25c6a0cec0,Jorgan,Dowsing,jdowsing8j@fema.gov,650485318,2024-09-24
f9481226-bf67-4292-9a0d-1f28d2b4d39e,Rhetta,McCurrie,rmccurrie8k@bing.com,670330750,2024-08-20
195f7d55-2f94-4452-b46f-4916364fffc7,Keith,MacCathay,kmaccathay8l@facebook.com,668743933,2025-03-22
2eaea705-e1a7-47c0-9f46-cc76beb820e5,Emeline,Penhalurick,epenhalurick8m@bbc.co.uk,652061322,2024-05-26
dbda2977-569a-4882-add8-d2f16ff07ab1,Brooke,Kewley,bkewley8n@disqus.com,643801286,2024-05-15
8559dcca-b51a-4749-9369-924e51cfa1b8,Valma,Geelan,vgeelan8o@canalblog.com,632334768,2024-07-21
b23c481a-6657-4d08-ab46-8e65bafba9c3,Munmro,Adds,madds8p@alibaba.com,681199539,2024-06-15
dcf1ce37-492e-4f5e-b67f-99307fde56b9,Aline,Howieson,ahowieson8q@eepurl.com,656098014,2024-12-30
54f12205-6d87-4683-ad68-c507e378b6ef,Werner,Gymlett,wgymlett8r@dropbox.com,600694904,2024-05-18
98a38825-3bad-457f-9c8a-a85718316225,Yolanthe,Seymour,yseymour8s@sun.com,642100285,2024-11-15
7b2c233c-1492-4e31-9014-ba72b59d1c6c,Olga,Wayland,owayland8t@twitter.com,697999479,2024-08-27
5ef96f08-0b19-4e06-a3db-d2db84be4b90,Con,Mayhew,cmayhew8u@woothemes.com,670169954,2025-02-06
2ab34ef6-2b80-4e12-ae7c-1495f5f929a4,Roberto,Cockerell,rcockerell8v@nhs.uk,670054504,2024-08-23
d67b521d-bdaa-407c-bfe5-4b6a775e76df,Ardelis,Kellaway,akellaway8w@guardian.co.uk,688485253,2024-12-09
d4533bdc-6b32-4680-ad53-ae86fe11264b,Hubey,Pretsel,hpretsel8x@nature.com,692016120,2025-01-05
f06b531b-ddb4-4f92-a8ec-5df997b09d5c,Loydie,Jantot,ljantot8y@cyberchimps.com,641128975,2024-07-15
9495f375-39e2-4bc0-8236-fbdb52fa35ba,Otto,Ambroziak,oambroziak8z@yahoo.com,659293032,2025-01-09
a3b8542b-5a89-4752-8f59-b355c8f2674d,Casar,Suett,csuett90@fotki.com,698171429,2024-07-22
94658a30-8aa0-4a2d-86eb-7d8f660b3ec3,Delphinia,Matej,dmatej91@phoca.cz,657606462,2024-10-06
76ee1a7d-b2c3-472c-a534-e1155fda553b,Babb,Garard,bgarard92@netvibes.com,662209416,2025-01-22
fea6357f-3a41-4c27-b2fa-7135996031fd,Sherline,Mence,smence93@ca.gov,603947784,2024-08-08
8c0fa52b-8fb1-479f-acfb-c73738173f7b,Catherina,Halward,chalward94@wikimedia.org,602967328,2025-01-24
cfa9d7f6-718d-4607-b02c-3d4b95d2b2cd,Tiena,Nutbeem,tnutbeem95@bluehost.com,654377304,2024-07-23
2c025bc1-6897-43d9-963f-4206bb753e8c,Emmi,Houldey,ehouldey96@mtv.com,669070471,2024-11-18
beab5075-4ff2-4836-a525-e038a832f062,Jermain,Baumler,jbaumler97@virginia.edu,623970139,2024-05-29
bf07c25d-6efb-44b6-b18f-745051ebbbaf,Mathian,Essam,messam98@bluehost.com,687128008,2025-02-19
1ca381a5-d9d7-47b7-aae3-34519954258e,Phillip,Thunnerclef,pthunnerclef99@geocities.jp,627397306,2024-08-07
45e113ef-3fb7-45af-8657-cea1a863230f,Peria,Gajownik,pgajownik9a@ca.gov,622241739,2025-02-14
d9bc28c4-5bee-496a-8086-52fbbdae0f98,Ursala,Esby,uesby9b@salon.com,626499529,2024-06-09
5d5d629d-c48e-4652-a785-5686df59ad1f,Leonhard,Cayley,lcayley9c@upenn.edu,656638040,2024-09-02
ca048626-4478-47cd-abe0-7bfa4468c52d,Madelena,Mathissen,mmathissen9d@icq.com,680736987,2024-06-19
47f7119b-ea49-417b-aa6e-afd0b80a3aa1,Thorpe,Stanyon,tstanyon9e@netscape.com,663056072,2024-05-15
d0227633-1949-40eb-937e-dd9815c5e9e6,Rutger,Flieger,rflieger9f@rambler.ru,626267810,2024-07-13
c7d998b7-2f57-4199-b15b-2548f98b3fea,Dave,Heathcott,dheathcott9g@mtv.com,657005509,2024-08-11
0272001f-d383-4713-b208-8b18593823df,Derick,Fleay,dfleay9h@pinterest.com,686999248,2024-11-13
fffc0765-0f48-480b-94ca-1b139d6193d4,Aidan,Stalman,astalman9i@feedburner.com,647231292,2024-12-07
7d70a8bf-88a3-4ff7-9563-157da0256dfe,Agata,Livingstone,alivingstone9j@merriam-webster.com,641306458,2024-10-29
ce23b5db-c940-46cc-a6d5-c99b04f184bd,Allyce,Iorio,aiorio9k@t.co,622317390,2024-09-02
52d406e7-3d47-4ec9-90c5-a5dbb6e2dbba,Romy,Chattington,rchattington9l@nydailynews.com,678295706,2024-09-06
ddf7a5a3-7cd9-4a05-a8ab-6e508c433e7e,Frannie,Temlett,ftemlett9m@tumblr.com,687596616,2024-09-16
89f93fcf-b8e5-4972-8f72-213a4ee215eb,Skipp,Shilstone,sshilstone9n@symantec.com,649705245,2025-01-10
dd00e09d-fec6-4003-b12d-d171ba453a56,Tarra,Forsey,tforsey9o@github.io,673484870,2025-01-28
83281a19-0ff8-4e72-98d8-e06a24a1d195,Denise,Stuckes,dstuckes9p@networksolutions.com,655223446,2024-09-02
1b05c013-013e-4c2e-84e1-de3c16060081,Caitrin,Wogdon,cwogdon9q@opera.com,645119637,2024-08-14
51a2a9e6-b0ff-4cd8-8ff5-4a12321ac119,Leontine,Hanrahan,lhanrahan9r@fc2.com,693339119,2024-07-06
1e79f43b-953c-4495-b015-b05ad7948238,Ferdy,Charke,fcharke9s@bizjournals.com,670530441,2024-06-09
a4471f87-7794-4183-abdc-1e69c9b9fbf5,Nicole,Pinock,npinock9t@accuweather.com,616843313,2025-01-28
85b31cbe-3849-4064-9846-57bc2db97ff8,Brigg,Serjeantson,bserjeantson9u@wufoo.com,625418446,2024-09-09
61d485cb-ca8c-488e-bc70-d611acba8edc,Bette,Kira,bkira9v@lulu.com,632701612,2024-10-03
6f24de28-7788-4bf5-8d24-d17a8f7a8b81,Debor,Dairton,ddairton9w@addthis.com,660160604,2024-08-31
60166184-0509-4b8e-bf86-55648d82023f,Salvador,Totterdell,stotterdell9x@addthis.com,641740530,2024-07-06
cb0ebcad-8e1e-460a-bb59-bfcbc8d2bcda,Bertina,Natte,bnatte9y@aboutads.info,645434204,2024-11-27
79b9c117-1d33-433a-ac18-26f79db63f15,Jack,Le Cornu,jlecornu9z@bizjournals.com,675415929,2024-11-23
67297071-6014-4e09-9852-723ab0126104,Georgeta,Greser,ggresera0@simplemachines.org,697877883,2024-09-23
356d1bc8-7919-4688-86e7-f4b1b9592620,Althea,Chatel,achatela1@imageshack.us,608330342,2025-03-08
05975064-6fc7-4218-b51b-a26d7ca6df14,Shayna,D'Emanuele,sdemanuelea2@un.org,695242972,2024-11-18
a5255d91-9671-4868-96e3-23465901ca3e,Moise,Niezen,mniezena3@wunderground.com,616616250,2024-09-16
64c8de9e-c4e3-4097-a711-1037db1754a3,Wilmer,Cadore,wcadorea4@meetup.com,602748800,2024-05-07
77a22103-be4c-40f6-856f-b6932dfc4871,Charlton,Banker,cbankera5@narod.ru,628516253,2024-06-10
ca0b1947-d87a-4587-a1ce-a32b3685e4aa,Woodie,Shivell,wshivella6@livejournal.com,638552908,2025-01-03
10e39ca5-a2b3-4f9c-8316-e482ba9464f0,Karney,Skirrow,kskirrowa7@biblegateway.com,645884005,2025-03-09
a7b91e7d-75b1-4dfa-9dc1-f9cf0af9506e,Richart,Sherville,rshervillea8@earthlink.net,609449921,2025-01-23
1e8b7332-02e7-4c08-987f-c2336a2b719d,Shae,Paver,spavera9@reverbnation.com,651659148,2024-12-05
ab1a2fb4-fccf-4592-b4fc-96baac5158fa,Georgena,Stocking,gstockingaa@cbsnews.com,652262346,2025-02-17
b9c5af86-7131-4bc6-a4eb-3197931b844b,Baillie,Leghorn,bleghornab@timesonline.co.uk,681317212,2024-05-15
e30a8770-8e8b-4e90-b076-1b2ca5bb1164,Aubrey,Lilley,alilleyac@github.io,620499710,2024-05-26
c7ca9b19-bea5-40a6-bf1a-b09abce11986,Quintilla,Myrie,qmyriead@cnn.com,647442689,2024-08-19
c67d85e8-be51-4608-a905-b681e8a5a96a,Kym,Klimashevich,kklimashevichae@xing.com,649726652,2025-03-06
c85ecbb8-ce9c-475b-9e5a-df9a5cf5d835,Mareah,Temlett,mtemlettaf@businesswire.com,671990841,2024-08-31
8a9da7a8-8807-4785-95f4-09d81944952e,Prinz,Freddi,pfreddiag@sina.com.cn,672750175,2024-06-09
74e9bb94-53ed-49fa-aa57-b5648f15eb5d,Paige,Beeden,pbeedenah@ning.com,674836401,2024-09-13
77a32583-08d1-4d20-82a0-b4181133452c,Colet,Totton,ctottonai@uol.com.br,665592371,2024-11-29
b94d142e-df59-4e42-926f-e11f5f6fa530,Nert,Du Barry,ndubarryaj@google.pl,668130905,2024-10-26
5f73444f-c1b1-40dd-b312-abc16b8ad961,Madelin,Hickinbottom,mhickinbottomak@illinois.edu,633389286,2024-07-25
cffeaba6-5643-41ea-ba3c-4076123982e2,Cyrus,McCartan,cmccartanal@miibeian.gov.cn,636248271,2024-10-30
68062a9e-3870-4ca2-a300-7eefdbfe0ef5,Maddie,Gregorin,mgregorinam@slashdot.org,608605314,2024-11-08
e5c3581c-3078-41e7-8a1a-251a60bab42f,Saunder,Gainforth,sgainforthan@histats.com,661815703,2024-12-21
d04f8751-b797-4f4e-8829-1757e92c83f5,Gerome,Alves,galvesao@omniture.com,688231446,2024-05-04
efb92b21-c0ef-4a5b-8803-43ba7691965f,Marshall,Voysey,mvoyseyap@dell.com,615907910,2024-10-03
132226c6-9688-4ca3-a589-db07c15936fd,Wandis,Kohnert,wkohnertaq@sbwire.com,624735820,2024-09-07
91172c04-e146-4a5c-98ca-f86f9eae425f,Ruthie,Sired,rsiredar@who.int,656048944,2024-10-10
9deb504e-e2e4-47b7-84a3-2092159f1277,Tammy,Bossingham,tbossinghamas@printfriendly.com,692692526,2024-05-12
a68bdeaa-1147-4583-b912-0df52368f73f,Carmita,Maisey,cmaiseyat@wikimedia.org,660519789,2024-08-03
71740a03-5453-41ee-8fe2-7a71cd13331c,Witty,Barkes,wbarkesau@last.fm,606519422,2024-05-10
ee22d5e2-c9e3-473c-8f31-2badc039500a,Aili,Grinyakin,agrinyakinav@wunderground.com,672937245,2024-06-15
03fe8a65-95c5-4346-a848-2a37dba1cda7,Violette,Bick,vbickaw@java.com,666734000,2024-06-07
0c942b3d-04fc-47b5-8f60-562c2eb7ad6a,Micheline,Mattea,mmatteaax@yale.edu,678902414,2024-11-14
090054d6-03ec-47a7-b339-a91e63a4da07,Klarika,Trenchard,ktrencharday@nydailynews.com,658746570,2024-09-24
b7b93bb9-18c1-416a-bb12-9201086ab9a8,Onofredo,Lackemann,olackemannaz@columbia.edu,606372929,2024-07-01
37519b03-c88b-41a0-b7e1-c8c7cd31a4e3,Wilhelmine,Scarse,wscarseb0@tiny.cc,653297391,2024-09-22
dc294ed5-e393-4cb4-b116-63b52554deb5,Maryjo,Swinnerton,mswinnertonb1@netlog.com,632184012,2024-05-16
a81a555d-39ad-4ebf-aecf-fcc78449932f,Finn,Dufaur,fdufaurb2@sun.com,662669797,2024-07-21
55c961c4-edab-410b-826f-bb4c73ace7ec,Elise,Bergeon,ebergeonb3@ezinearticles.com,669012736,2024-08-12
2be305d9-683a-4fc5-aefa-8ce0e6a4a096,Blanche,Ivankovic,bivankovicb4@census.gov,621516951,2025-03-29
a8b17d76-ac23-4fc7-a52f-8a51ca8c56a1,Midge,Yesipov,myesipovb5@amazon.de,610172183,2024-12-07
3ae781c8-bf20-4a39-8a60-5776c1645308,Christiane,Norcott,cnorcottb6@dedecms.com,664538791,2024-08-19
3fd25538-a28f-4c85-b4dc-e2cdbd7733b7,Shellie,Clevely,sclevelyb7@cbslocal.com,683642326,2024-08-09
76727da6-b75f-45e5-9a1e-693a6a3978b6,Bourke,Olwen,bolwenb8@google.cn,659998554,2025-03-25
32b18b59-0519-402d-8b9c-a0329c6c6c8c,Tobi,Brelsford,tbrelsfordb9@cafepress.com,625259659,2024-08-08
b56737ed-c6c4-4790-b7a8-0efebcd1c7b9,Kameko,Reddell,kreddellba@cocolog-nifty.com,688892439,2025-03-11
e2eea298-76e5-4e93-abda-819e31752faf,Trenna,Bygrove,tbygrovebb@tripadvisor.com,636162866,2024-05-05
25d41e0c-2da2-43c2-8b17-256f77d2cd8c,Fredia,Gosling,fgoslingbc@taobao.com,601089192,2024-06-19
db7ce8a4-991f-4205-8d32-53947c95aa60,Revkah,Blethyn,rblethynbd@dyndns.org,618861546,2025-01-18
328920d5-d4e6-455f-b752-fe04b387edbc,Beverie,Beatey,bbeateybe@virginia.edu,665641585,2024-07-17
aa4ec8a9-fd83-4762-88f0-185556585571,Dela,Meakes,dmeakesbf@elpais.com,662941954,2024-10-29
c4ca32f6-d506-4e9c-a0b1-68fe3f118fde,Augy,Firminger,afirmingerbg@barnesandnoble.com,670869694,2024-10-02
0f797df4-16df-41bf-9ff2-d68a55ce7971,Dodi,Tift,dtiftbh@goodreads.com,689709098,2025-01-22
d8702203-4142-4fc5-967b-8efec04c6d00,Elana,Slaten,eslatenbi@harvard.edu,631761241,2024-12-22
3f331890-2e5c-4f44-8346-ed76c9127b0b,Bentlee,Magowan,bmagowanbj@istockphoto.com,622309119,2025-02-10
b3d79d05-6e49-43ba-8708-70d6fd25e1d5,Glen,Downton,gdowntonbk@oaic.gov.au,688769026,2025-01-31
756b9ad1-6302-4cca-8450-1869c66f036e,Shelby,Firidolfi,sfiridolfibl@intel.com,662370760,2025-03-01
27e6cdeb-03c6-453f-97af-00d6df628cde,Arne,Scarsbrooke,ascarsbrookebm@paypal.com,632231035,2025-01-21
957f5ba9-2599-412a-a31c-3775a9295ff9,Chevy,Schaumann,cschaumannbn@china.com.cn,621094316,2024-09-28
e6701b68-ab4c-403f-b98f-28c3940de1c6,Marylynne,Slack,mslackbo@princeton.edu,671164329,2024-10-31
54211f92-47bb-4e4f-be6f-f38e81195678,Vince,Dufaur,vdufaurbp@123-reg.co.uk,655354012,2024-10-16
dbd41648-84dd-49a3-9f27-3fc36bafa549,Corinna,Jiracek,cjiracekbq@unblog.fr,676372728,2024-06-18
d15de777-6637-458d-be7c-551f51e0c797,Gwynne,Vales,gvalesbr@constantcontact.com,695473688,2024-11-13
640e48c1-d1d6-4070-ac57-4cf973fadab3,Nefen,Thorbon,nthorbonbs@free.fr,662715511,2024-10-21
676a3f85-4616-4f4f-88b1-1f501046879f,Nara,Flasby,nflasbybt@liveinternet.ru,657152886,2024-09-14
b0faf103-9682-404a-b53b-e5eb34a8cb85,Lexy,Linnock,llinnockbu@wix.com,627383811,2024-06-09
c13cfb34-7683-466b-91de-0959c06d54af,Veronica,Meys,vmeysbv@smh.com.au,670060119,2024-06-06
c25b632f-1880-4b1f-88c4-fb5b420dca00,Alika,Martinovic,amartinovicbw@jigsy.com,623263364,2024-06-08
2d9ac711-4505-4195-8be2-3818889419db,Linoel,Margaret,lmargaretbx@webnode.com,601412340,2025-03-07
3599fbf3-9c83-4152-9fae-4520a6706c47,Heddi,Jenk,hjenkby@admin.ch,687303545,2024-11-08
f3e986f7-cf8f-4d25-9bd7-1d1b77204453,Doralyn,Cockman,dcockmanbz@businessweek.com,616327316,2024-11-28
9db79d5f-69ad-4502-adfe-57dabf7d8634,Jsandye,Sheriff,jsheriffc0@tuttocitta.it,646761145,2024-12-30
0ec82707-efc7-478c-a9c2-75b980332035,Jose,Jeens,jjeensc1@woothemes.com,651728233,2024-09-20
036054c6-5a65-4887-93e1-9f1947260b78,Raynard,Giraudat,rgiraudatc2@usda.gov,664268011,2024-05-20
78b87cad-9e59-492c-ac2c-1b8bb3f5fd5c,Manuel,Silkston,msilkstonc3@reddit.com,664669438,2024-08-24
b4518c73-bf51-4be4-879d-698924ab0a7b,Onfre,Ivancevic,oivancevicc4@furl.net,677274995,2025-02-08
c99cd7de-8dba-4785-acdc-1a572ba91060,Issi,Wadforth,iwadforthc5@army.mil,616732488,2024-12-06
54128a7d-4490-4440-8ecb-90bb7047bc6d,Fran,Phuprate,fphupratec6@google.co.jp,636909242,2024-10-19
48390266-d4a8-4ad4-bbb7-bfd373040d9d,Alyson,Goves,agovesc7@issuu.com,651608644,2025-02-28
c104b24e-2ccc-4f68-a359-ebd1659f11a6,Emerson,Di Maggio,edimaggioc8@purevolume.com,625133199,2024-08-31
d88dbf5a-fe4e-4f10-8886-380caecbcc3a,Eamon,Margach,emargachc9@skyrock.com,620803947,2024-12-08
6d6328fe-454f-4051-a2de-c302ce613ef9,Averil,Jervis,ajervisca@posterous.com,663005835,2025-02-06
79f45a72-0d7e-4b65-bce3-2fb165ea031e,Land,Foyston,lfoystoncb@washingtonpost.com,670936305,2024-07-01
3ade8c53-5413-4818-95f6-4e1f85caf433,Karmen,Pretley,kpretleycc@usgs.gov,662314706,2024-10-12
f9ccb318-94ac-448c-8c21-15094da9728d,Celle,Ostick,costickcd@weibo.com,615960741,2024-09-06
14607171-979f-4f52-9efb-36f885ca3815,Ami,Wolfe,awolfece@skype.com,660891988,2025-03-29
b6cc14e2-61bd-4691-a639-e51c6d075108,Frazier,Jennison,fjennisoncf@umn.edu,643620953,2024-09-24
cb502120-8780-4908-8ac6-2dd162c2123c,Hildagard,Kynge,hkyngecg@japanpost.jp,679003674,2025-01-09
1edbacb9-9bd7-4126-ab70-9102b02a169d,Terrill,Sertin,tsertinch@ucsd.edu,628216996,2024-06-10
045ea893-9b01-4a68-bd8a-2ed8d60c3299,Jermaine,Woof,jwoofci@hao123.com,669458832,2024-11-30
733c7c60-9555-4729-b917-66f0e06dae00,Revkah,Manvelle,rmanvellecj@go.com,671012270,2024-05-21
3e2c6101-0353-43b5-997c-e86600c0a09a,Nonah,de Clerq,ndeclerqck@usa.gov,635451635,2024-09-26
ec61f8ee-6600-409a-8580-ed6a7261ed68,Garvy,Neale,gnealecl@washington.edu,637631999,2025-01-21
0dc71bc3-8043-4d00-82c7-f421a54b193a,Charlean,Backhurst,cbackhurstcm@wiley.com,686908413,2024-09-15
a8c485fb-84ad-493c-974e-b1f211e66c30,Ricardo,Salaman,rsalamancn@walmart.com,616004567,2024-06-14
79374c66-72bc-410a-afb5-021165230e4a,Salvador,Lempke,slempkeco@slashdot.org,675689554,2024-11-11
a556afe2-4764-4d1a-9f06-75fff0be0075,Ferris,Hagyard,fhagyardcp@nsw.gov.au,626597691,2025-03-26
55fe42cb-e0e5-4849-8c22-2c7541282cfc,Alisander,Lieber,aliebercq@paypal.com,612894228,2024-09-29
f27a63c2-24b0-4be5-a0e3-80e1134c966a,Jae,Colliss,jcollisscr@chronoengine.com,683962210,2024-08-05
ca6ccad2-c4c1-4805-9f09-b7d5a81d2ceb,Winnie,Peascod,wpeascodcs@uol.com.br,688347160,2024-06-11
aedc1fc7-118c-40d2-834a-af8071e7ff3d,Maurice,Beckwith,mbeckwithct@gravatar.com,685686389,2024-08-12
923a7ea8-d961-4c56-b475-c46af651110c,Mayer,Norcliff,mnorcliffcu@google.fr,602618412,2024-09-29
057f7177-6057-41c0-b38b-030a6d188056,Conrade,Kaemena,ckaemenacv@netlog.com,659668762,2024-12-28
4060bc6e-f1a8-4022-91ea-0d7448929c6b,Brock,Basden,bbasdencw@cmu.edu,696771406,2024-07-17
4f9bbdf0-18a2-4352-89d8-94bdac849439,Pauly,Sliney,pslineycx@unblog.fr,610878388,2025-01-29
3ca88bdf-c545-4df4-abc1-a268cc208f81,Ronni,Dannett,rdannettcy@merriam-webster.com,688217793,2024-10-26
3476ebdd-3c5e-428d-9608-a04c041dcd1b,Edgar,Deane,edeanecz@deliciousdays.com,615680538,2025-01-21
c4c052f7-fab8-4048-802d-f15f1d4552c5,Melissa,Dinneen,mdinneend0@yale.edu,678924868,2025-03-07
79861225-50a5-4d69-88b0-60351d636d81,Randee,Urridge,rurridged1@weather.com,667648636,2024-11-27
129c6f72-4f95-4134-bcc6-b8916d52a0b2,Tomaso,Jeandillou,tjeandilloud2@wired.com,609270871,2025-01-08
25141318-a820-459b-bbea-92c1755c7d32,Ede,Poetz,epoetzd3@amazonaws.com,687369700,2024-05-20
239a2b15-5904-4173-9aae-b4efd7805d50,Tamera,Jertz,tjertzd4@mozilla.com,679380257,2024-09-07
db5bc58c-626c-4074-986a-2bcaa1cf6de3,Cristy,Stops,cstopsd5@canalblog.com,622110802,2024-07-18
2b7cb8de-1cae-4c59-ab01-5ae867a82ca6,Trude,Lardez,tlardezd6@cyberchimps.com,617823989,2024-11-09
3db9d2c1-7948-49d8-9511-89876c5d5333,Darda,Hughlin,dhughlind7@sbwire.com,683189098,2025-01-31
a2c488a4-dd19-41c6-a49b-fede103f6df0,Kinny,Durker,kdurkerd8@examiner.com,601923240,2024-11-29
2078d791-68cc-4464-83f4-6da1f7436f71,Farand,Matushevich,fmatushevichd9@columbia.edu,606446521,2024-06-30
111bd8e2-0fb8-4121-8a84-83558b0c4ae3,Lilian,Got,lgotda@weebly.com,636866686,2024-07-15
771eb68c-48b8-4740-8de0-18373db5a30b,Imelda,Standingford,istandingforddb@youku.com,606509567,2024-10-31
08b22453-2a4a-44af-b7cd-8cce54fa4255,Even,Cawthra,ecawthradc@amazon.com,640479113,2024-10-06
615923d4-91e8-4fbb-b01a-a0145b70a332,Cathi,Pinare,cpinaredd@java.com,632073969,2024-07-16
fc359c2a-e293-4dfe-984e-a885eadd38de,Shandra,Coldbathe,scoldbathede@census.gov,633211860,2024-11-22
89016d99-aba4-4ae9-b487-fbdc0ecdf01b,Kelsi,Rowthorn,krowthorndf@wp.com,699281429,2025-01-16
472d5b8e-e6dc-4f67-bc9e-e86b48fb662b,Vale,Bottinelli,vbottinellidg@disqus.com,672998040,2024-11-30
595b3fd0-8e78-4418-b7e1-5b33aa6efe20,Darwin,Canedo,dcanedodh@phpbb.com,629980024,2024-08-15
5dedd5e8-89ce-4f2b-990a-bd381ed4c6cd,Killy,Ferriby,kferribydi@soup.io,699602345,2024-10-30
b684a94a-396a-4383-b11a-92ffe2bf28c4,Walker,Pickvance,wpickvancedj@51.la,618436937,2024-09-14
8bdec34d-fdc4-4aaf-b18f-197c5b0d6c24,Eamon,Lefever,elefeverdk@techcrunch.com,614390867,2025-03-13
df515f0c-3e5b-44a9-be78-4125d0fb72df,Jolie,Jikylls,jjikyllsdl@amazon.co.jp,616050989,2024-07-20
52273b60-453b-410c-9ac9-929f40d553b5,Arlee,Santora,asantoradm@goo.ne.jp,680213042,2025-02-25
8bc11648-5209-457e-92c2-3f3179701e9f,Alaric,Groarty,agroartydn@reddit.com,650713856,2024-05-19
1605989b-ed27-4cb6-8734-6de30ead5fe5,Cameron,Peizer,cpeizerdo@cloudflare.com,696798266,2024-10-29
fe44ea2f-d393-40d8-968e-02f9dcedeac4,Vikki,Aime,vaimedp@lulu.com,662322154,2024-11-29
89b6c4bc-b44d-48b6-a0c7-0bbcf7559963,Sully,Ebbett,sebbettdq@macromedia.com,656474956,2024-06-30
e4851780-f863-4710-b9df-338d8043d122,Kalie,Janse,kjansedr@t-online.de,682522566,2024-05-22
e7c9b6cd-f251-4359-a864-7f2756db356c,Byrle,Sharvill,bsharvillds@github.io,631953972,2024-12-19
925d09c1-b999-4aaa-8465-5b160001d800,Clevey,Slyde,cslydedt@examiner.com,612770060,2025-01-27
d2a4feb1-0618-409e-b511-c45b2541d97b,Durant,Guilaem,dguilaemdu@who.int,633980637,2024-11-29
ac4c85da-d0a5-4b6b-b66a-f5cfa51fb8f8,Anabal,Leggen,aleggendv@wikimedia.org,613836931,2024-11-18
